cell_name,statistic,overlap_at_N,overlap_at_50,overlap_at_100,overlap_at_200,overlap_at_500,precision_at_N,precision_at_50,precision_at_100,precision_at_200,precision_at_500,de_spearman_sig,de_direction_match,de_spearman_lfc_sig,de_sig_genes_recall,de_nsig_counts_real,de_nsig_counts_pred,pr_auc,roc_auc,pearson_delta,mse,mae,mse_delta,mae_delta,discrimination_score_l1,discrimination_score_l2,discrimination_score_cosine,pearson_edistance,clustering_agreement
test_myeloid_cells,mean,0.10982564444854218,0.02666666666666667,0.034666666666666665,0.08554022623036112,0.10387573866371771,0.15355786327264692,0.02666666666666667,0.034666666666666665,0.08666666666666666,0.0984,0.1932024558334913,0.5466421428377856,0.4767169086640536,0.9052185546852888,323.0,1930.5333333333333,0.13628367711582826,0.3766611906748081,0.28864320119222003,0.15126228804389635,0.1645334785183271,0.15126228407025338,0.1645334785183271,0.6355555555555557,0.6355555555555557,0.6844444444444446,0.9635697770037125,0.447748148589774
test_t_cells,mean,0.024841096637364668,0.023898556165944083,0.02439459917795019,0.02470645265051556,0.024465918132366527,0.023146388456459235,0.025531914893617023,0.026666666666666665,0.028439716312056742,0.02662411347517731,-0.09621831326388032,0.7784263717259806,0.8903555786818965,0.9304226981077415,49.340425531914896,1945.7304964539007,0.02050821877972107,0.428998203412544,0.3303736593930962,0.09865873361151692,0.1414488935512854,0.09865873358509641,0.14144889386833137,0.6370403903224184,0.6735073688446256,0.6195865399124794,0.633538120172286,0.16419034753249573
val_t_cells_cd8,mean,0.04517559942451986,0.04274236929684972,0.04243239312262607,0.04169429788453083,0.04487668993706076,0.02548889691901418,0.04414285714285714,0.041428571428571426,0.04071428571428572,0.030985714285714287,0.05391426074195312,0.7286978215653862,NaN,0.9547979891575443,52.73571428571429,1964.9642857142858,0.023553782075448993,0.44375712975460624,0.3146223445206748,0.05569869706939374,0.10666857808828353,0.05569869698956609,0.1066685780350651,0.6664795918367348,0.7158673469387755,0.754234693877551,0.746009434278085,0.13822106246095453
